{"cameraMode":{"drawMode":2,"name":"Shaded Wireframe","section":"Shading Mode"},"sceneLighting":false,"audioPlay":false,"sceneViewState":{"showFog":true,"showMaterialUpdate":false,"showSkybox":false,"showFlares":true,"showImageEffects":true,"showParticleSystems":true},"in2DMode":false,"pivot":{"x":-1.4333312511444092,"y":1.1857004165649415,"z":-3.6133151054382326},"rotation":{"x":-0.0177728570997715,"y":0.9811636209487915,"z":-0.15733365714550019,"w":-0.11085028201341629},"size":5.065870761871338,"orthographic":false}